Adj,N,Freq
stark,contrast,1
intuitive,physics,7
intuitive,dynamics,6
intuitive,sense,4
intuitive,insights,3
intuitive,explanation,3
intuitive,notion,3
intuitive,picture,2
intuitive,spans,2
intuitive,answers,2
intuitive,interpretation,2
intuitive,formulation,2
intuitive,examples,2
intuitive,range,1
intuitive,method,1
intuitive,constructs,1
intuitive,argument,1
intuitive,approach,1
intuitive,reasoning,1
intuitive,understanding,1
intuitive,judgments,1
intuitive,result,1
intuitive,expectations,1
intuitive,point,1
intuitive,model,1
intuitive,question,1
intuitive,motivation,1
intuitive,solution,1
intuitive,approaches,1
intuitive,nature,1
intuitive,manner,1
intuitive,way,1
intuitive,appeal,1
intuitive,extensions,1
intuitive,explanations,1
intuitive,extension,1
strong,robust,60
strong,robustness,30
strong,correlation,23
strong,performance,22
strong,supervision,17
strong,baselines,16
strong,baseline,13
strong,models,10
strong,results,7
strong,correlations,5
strong,assumptions,5
strong,bias,5
strong,guarantees,5
strong,effect,4
strong,evidence,4
strong,scaling,4
strong,variability,4
strong,power,4
strong,attack,4
strong,priors,3
strong,similarity,3
strong,properties,3
strong,biases,3
strong,generalization,3
strong,inhibition,3
strong,excitation,3
strong,constraints,3
strong,learner,3
strong,prior,3
strong,applications,2
strong,duality,2
strong,ambiguities,2
strong,capabilities,2
strong,bounds,2
strong,condition,2
strong,likelihoods,2
strong,learning,2
strong,change,2
strong,weapon,2
strong,assumption,2
strong,order,2
strong,sense,2
strong,step,2
strong,redundancies,2
strong,background,1
strong,preference,1
strong,progression,1
strong,predictors,1
strong,predictor,1
strong,correlate,1
strong,argument,1
strong,term,1
strong,limit,1
strong,interest,1
strong,guarantee,1
strong,quorum,1
strong,standard,1
strong,theorem,1
strong,connectivity,1
strong,system,1
strong,indicator,1
strong,problem,1
strong,typing,1
strong,agent,1
strong,ensembles,1
strong,perturbation,1
strong,affect,1
strong,limitations,1
strong,relationship,1
strong,signal,1
strong,impetus,1
strong,similarities,1
strong,decisions,1
strong,ability,1
strong,correspondence,1
strong,gradients,1
strong,guidance,1
strong,example,1
strong,conclusions,1
strong,constraint,1
strong,lead,1
strong,attention,1
strong,activations,1
strong,part,1
strong,ancestor,1
strong,players,1
strong,component,1
key,points,14
key,idea,13
key,difference,11
key,layer,9
key,assumptions,9
key,challenge,8
key,observation,8
key,aspects,7
key,vectors,7
key,advantages,6
key,contribution,6
key,insight,5
key,question,5
key,value,5
key,features,5
key,contributions,5
key,advantage,4
key,point,4
key,aspect,4
key,factors,4
key,components,4
key,component,4
key,values,4
key,insights,3
key,differences,3
key,role,3
key,areas,3
key,properties,3
key,result,3
key,vector,3
key,bit,3
key,problem,3
key,goal,2
key,representation,2
key,concept,2
key,edges,2
key,word,2
key,approximations,2
key,importance,2
key,challenges,2
key,assumption,2
key,techniques,2
key,ingredients,2
key,reasons,2
key,feature,2
key,steps,2
key,observations,2
key,abstraction,2
key,distinctions,1
key,innovation,1
key,work,1
key,applications,1
key,words,1
key,subroutine,1
key,structures,1
key,questions,1
key,phases,1
key,topics,1
key,property,1
key,application,1
key,causes,1
key,ideas,1
key,complication,1
key,contrast,1
key,step,1
key,operations,1
key,paradigms,1
key,objects,1
key,motion,1
key,information,1
key,structure,1
key,matches,1
key,embeddings,1
key,characteristics,1
key,disconnect,1
key,driver,1
key,task,1
key,factor,1
key,sentences,1
key,generator,1
key,principles,1
key,material,1
key,bits,1
key,issue,1
key,details,1
key,church,1
key,elements,1
key,changes,1
key,limitation,1
key,part,1
key,requirement,1
first,layer,11
first,release,5
first,row,4
first,order,4
first,person,3
first,number,2
first,neighbors,2
first,layers,2
first,segment,2
first,week,2
first,column,1
first,rows,1
first,half,1
first,pass,1
first,models,1
first,experiences,1
first,a,1
first,segments,1
first,element,1
first,coordinates,1
top,row,31
top,level,30
top,layer,25
top,models,18
top,accuracy,17
top,layers,11
top,model,10
top,network,10
top,elements,10
top,half,10
top,rows,7
top,down,7
top,neighbors,7
top,predictions,7
top,words,6
top,corner,6
top,tokens,6
top,categories,6
top,codes,5
top,right,4
top,eigenvalues,4
top,variables,4
top,rate,4
top,cell,4
top,programs,4
top,results,4
top,states,4
top,pass,4
top,activations,4
top,agents,3
top,designs,3
top,architecture,3
top,memories,3
top,vectors,3
top,element,3
top,category,3
top,program,3
top,patches,3
top,performance,3
top,values,3
top,examples,3
top,connections,2
top,levels,2
top,part,2
top,left,2
top,sequences,2
top,patterns,2
top,views,2
top,settings,2
top,line,2
top,subplot,2
top,candidates,2
top,factors,2
top,approach,2
top,pixels,2
top,instances,2
top,components,2
top,task,2
top,ones,2
top,answer,2
top,k,2
top,samples,2
top,framework,2
top,ten,2
top,characters,2
top,pane,2
top,inference,2
top,attention,2
top,activation,2
top,side,2
top,systems,2
top,structure,2
top,messages,2
top,prediction,2
top,suggestion,2
top,state,2
top,quartile,1
top,projection,1
top,visualization,1
top,process,1
top,tiers,1
top,points,1
top,sentences,1
top,text,1
top,networks,1
top,eigenvalue,1
top,review,1
top,answers,1
top,users,1
top,view,1
top,hypotheses,1
top,vote,1
top,scale,1
top,stack,1
top,stratum,1
top,approaches,1
top,performer,1
top,tree,1
top,shows,1
top,teams,1
top,decoder,1
top,generations,1
top,sequence,1
top,table,1
top,movies,1
top,parameters,1
top,series,1
top,figure,1
top,corresponds,1
top,manner,1
top,pants,1
top,scores,1
top,ranking,1
top,instance,1
top,images,1
top,errors,1
top,formers,1
top,performers,1
top,vertex,1
top,positions,1
top,term,1
top,information,1
top,plot,1
top,order,1
top,section,1
top,end,1
top,classes,1
top,projects,1
top,senses,1
careful,descent,5
careful,initialization,3
careful,inspection,3
careful,analysis,2
careful,regimes,2
careful,tuning,2
careful,choice,2
careful,engineering,2
careful,experimentation,1
careful,search,1
careful,training,1
careful,reasoning,1
careful,examination,1
careful,scheme,1
careful,look,1
careful,seeding,1
detailed,results,21
detailed,description,15
detailed,analysis,9
detailed,information,7
detailed,discussion,7
detailed,model,7
detailed,comparison,7
detailed,chart,5
detailed,descriptions,3
detailed,procedure,3
detailed,predictions,3
detailed,study,3
detailed,texture,2
detailed,setup,2
detailed,comparisons,2
detailed,explanations,2
detailed,insight,2
detailed,look,2
detailed,feedback,2
detailed,semantics,2
detailed,architecture,2
detailed,view,2
detailed,illustration,2
detailed,explanation,2
detailed,demonstration,2
detailed,histogram,2
detailed,learning,1
detailed,breakdown,1
detailed,evaluation,1
detailed,proof,1
detailed,hyper,1
detailed,visualization,1
detailed,tables,1
detailed,reviews,1
detailed,discussions,1
detailed,instructions,1
detailed,labels,1
detailed,example,1
detailed,process,1
detailed,modeling,1
detailed,overview,1
detailed,e,1
detailed,experiments,1
detailed,understanding,1
detailed,curriculum,1
detailed,differences,1
detailed,caption,1
detailed,listing,1
detailed,mechanism,1
detailed,function,1
detailed,guidance,1
detailed,statistics,1
detailed,summary,1
detailed,schematic,1
detailed,argument,1
detailed,recommendations,1
detailed,treatise,1
detailed,algorithm,1
detailed,design,1
detailed,number,1
meaningful,representations,8
meaningful,inference,4
meaningful,patterns,3
meaningful,transformations,3
meaningful,guarantees,3
meaningful,representation,3
meaningful,classes,3
meaningful,improvement,2
meaningful,topics,2
meaningful,structure,2
meaningful,words,2
meaningful,features,2
meaningful,structures,2
meaningful,problem,2
meaningful,gradients,2
meaningful,space,2
meaningful,connections,2
meaningful,relations,2
meaningful,results,2
meaningful,clusters,2
meaningful,relationship,2
meaningful,embeddings,2
meaningful,word,2
meaningful,relationships,2
meaningful,model,2
meaningful,variations,1
meaningful,placement,1
meaningful,compositions,1
meaningful,measures,1
meaningful,transfer,1
meaningful,re,1
meaningful,minimum,1
meaningful,attention,1
meaningful,candidates,1
meaningful,bounds,1
meaningful,privacy,1
meaningful,guarantee,1
meaningful,evaluation,1
meaningful,descriptions,1
meaningful,categories,1
meaningful,operator,1
meaningful,novelty,1
meaningful,point,1
meaningful,samples,1
meaningful,segmentation,1
meaningful,reduction,1
meaningful,information,1
meaningful,codes,1
meaningful,function,1
meaningful,neighborhood,1
meaningful,order,1
meaningful,clustering,1
meaningful,properties,1
meaningful,intervals,1
powerful,tool,15
powerful,models,15
powerful,framework,5
powerful,tools,4
powerful,method,3
powerful,methods,3
powerful,model,3
powerful,language,3
powerful,skills,3
powerful,network,3
powerful,distribution,2
powerful,mechanisms,2
powerful,technique,2
powerful,extension,2
powerful,signal,2
powerful,average,2
powerful,set,2
powerful,baseline,2
powerful,typhoon,2
powerful,estimator,1
powerful,recurrence,1
powerful,decoders,1
powerful,class,1
powerful,approach,1
powerful,samplers,1
powerful,hardware,1
powerful,representations,1
powerful,embeddings,1
powerful,means,1
powerful,server,1
powerful,architecture,1
powerful,balance,1
powerful,concept,1
powerful,ability,1
powerful,family,1
powerful,case,1
powerful,way,1
powerful,extractor,1
powerful,controllers,1
powerful,theorem,1
interesting,direction,15
interesting,observation,8
interesting,properties,6
interesting,results,6
interesting,representations,5
interesting,patterns,5
interesting,models,5
interesting,work,5
interesting,insights,5
interesting,structure,5
interesting,question,4
interesting,application,4
interesting,property,4
interesting,tasks,4
interesting,insight,3
interesting,technique,3
interesting,structures,3
interesting,aspects,3
interesting,domains,3
interesting,thing,3
interesting,observations,3
interesting,problem,3
interesting,behavior,3
interesting,feature,3
interesting,example,3
interesting,result,3
interesting,task,3
interesting,point,2
interesting,extension,2
interesting,avenue,2
interesting,environments,2
interesting,connection,2
interesting,pattern,2
interesting,line,2
interesting,step,2
interesting,part,2
interesting,phenomena,2
interesting,tactics,2
interesting,facts,2
interesting,differences,2
interesting,approach,2
interesting,effect,1
interesting,choices,1
interesting,possibility,1
interesting,idea,1
interesting,fact,1
interesting,blues,1
interesting,phenomenon,1
interesting,comparison,1
interesting,attribute,1
interesting,functions,1
interesting,strategy,1
interesting,alternative,1
interesting,outcome,1
interesting,cases,1
interesting,trends,1
interesting,challenge,1
interesting,places,1
interesting,benchmarks,1
interesting,directions,1
interesting,consideration,1
interesting,model,1
interesting,blocks,1
interesting,objects,1
interesting,answers,1
interesting,dynamics,1
interesting,images,1
interesting,variation,1
interesting,person,1
interesting,extensions,1
interesting,similarity,1
interesting,implications,1
interesting,discovery,1
interesting,ways,1
interesting,values,1
interesting,conclusion,1
interesting,distributions,1
interesting,framework,1
interesting,questions,1
interesting,option,1
interesting,analysis,1
interesting,byproduct,1
interesting,dependencies,1
interesting,interplay,1
essential,hypertension,11
essential,bits,11
essential,content,7
essential,bit,5
essential,activation,3
essential,piece,1
essential,components,1
essential,ways,1
essential,component,1
essential,terms,1
essential,count,1
essential,part,1
essential,feature,1
essential,obstacle,1
essential,requirement,1
essential,capability,1
essential,information,1
essential,condition,1
essential,element,1
essential,impact,1
essential,tools,1
deeper,models,30
deeper,networks,29
deeper,layers,15
deeper,model,8
deeper,architectures,6
deeper,network,5
deeper,reasoning,4
deeper,architecture,3
deeper,features,3
deeper,understanding,2
deeper,ones,2
deeper,ensembles,2
deeper,paths,2
deeper,problems,2
deeper,works,2
deeper,path,1
deeper,embeddings,1
deeper,representations,1
deeper,analysis,1
deeper,semantics,1
deeper,trees,1
deeper,structures,1
deeper,layer,1
deeper,problem,1
deeper,look,1
deeper,depth,1
deeper,for,1
deeper,with,1
deeper,machine,1
crucial,component,4
crucial,step,2
crucial,task,2
crucial,difference,2
crucial,attributes,2
crucial,problem,2
crucial,factors,2
crucial,element,2
crucial,observation,1
crucial,dependence,1
crucial,aspect,1
crucial,factor,1
crucial,capabilities,1
crucial,distinctions,1
crucial,insight,1
crucial,point,1
crucial,differences,1
crucial,assumption,1
crucial,part,1
crucial,characteristic,1
crucial,aspects,1
crucial,words,1
crucial,ability,1
crucial,suggestions,1
scalable,learning,9
scalable,model,8
scalable,aggregation,5
scalable,optimization,5
scalable,embeddings,4
scalable,method,3
scalable,network,3
scalable,architecture,2
scalable,programming,2
scalable,recognition,2
scalable,tuning,2
scalable,solutions,1
scalable,style,1
scalable,way,1
scalable,descent,1
scalable,kernels,1
scalable,recommendation,1
scalable,version,1
scalable,estimation,1
scalable,networks,1
scalable,batch,1
scalable,protocol,1
scalable,approach,1
novel,objects,27
novel,model,25
novel,method,22
novel,cars,13
novel,applications,12
novel,approach,12
novel,network,11
novel,architecture,10
novel,mechanism,8
novel,technique,7
novel,framework,7
novel,instance,7
novel,algorithm,6
novel,type,5
novel,formulation,5
novel,tasks,5
novel,problems,5
novel,criterion,5
novel,way,4
novel,events,4
novel,methods,4
novel,ways,4
novel,representation,4
novel,representations,4
novel,extension,3
novel,scheme,3
novel,architectures,3
novel,procedure,3
novel,images,3
novel,classes,3
novel,states,3
novel,combinations,2
novel,encoder,2
novel,language,2
novel,agent,2
novel,situations,2
novel,latent,2
novel,particular,2
novel,form,2
novel,contributions,2
novel,trick,2
novel,modules,2
novel,neural,2
novel,parametrization,2
novel,setups,2
novel,category,2
novel,categories,2
novel,shapes,2
novel,structures,2
novel,movie,2
novel,responses,2
novel,variant,2
novel,pseudo,1
novel,activation,1
novel,extensions,1
novel,techniques,1
novel,idea,1
novel,variants,1
novel,goals,1
novel,predictions,1
novel,system,1
novel,scenes,1
novel,convolution,1
novel,strategy,1
novel,insights,1
novel,sparse,1
novel,domain,1
novel,samples,1
novel,outputs,1
novel,function,1
novel,class,1
novel,chairs,1
novel,test,1
novel,behavior,1
novel,show,1
novel,correlation,1
novel,object,1
novel,module,1
novel,optimization,1
novel,layer,1
novel,machine,1
novel,sentences,1
novel,sequences,1
novel,input,1
novel,task,1
novel,transitions,1
novel,geometry,1
accurate,predictions,14
accurate,models,11
accurate,estimates,8
accurate,model,8
accurate,prediction,8
accurate,approximation,5
accurate,results,4
accurate,approximations,3
accurate,recommendations,3
accurate,reviews,3
accurate,estimate,3
accurate,reconstruction,3
accurate,predictor,3
accurate,matrix,2
accurate,estimation,2
accurate,purpose,2
accurate,simulations,2
accurate,ones,2
accurate,translation,2
accurate,modeling,2
accurate,ratings,2
accurate,accelerators,2
accurate,networks,2
accurate,robust,2
accurate,theorem,2
accurate,method,2
accurate,scale,2
accurate,procedure,2
accurate,scores,2
accurate,methods,2
accurate,analyzer,2
accurate,parsing,2
accurate,diction,2
accurate,tempo,1
accurate,convergence,1
accurate,experts,1
accurate,encoder,1
accurate,signals,1
accurate,systems,1
accurate,recommendation,1
accurate,solutions,1
accurate,contour,1
accurate,labels,1
accurate,judgments,1
accurate,orders,1
accurate,decoding,1
accurate,figure,1
accurate,corollary,1
accurate,selection,1
accurate,selections,1
accurate,table,1
accurate,tagger,1
accurate,measurement,1
accurate,services,1
accurate,cost,1
accurate,solution,1
accurate,belief,1
accurate,distance,1
accurate,attention,1
accurate,shapes,1
accurate,regions,1
accurate,level,1
accurate,comparison,1
accurate,planning,1
accurate,colors,1
accurate,classification,1
accurate,detection,1
accurate,feature,1
accurate,domain,1
accurate,representations,1
attractive,attributes,3
attractive,properties,2
attractive,property,1
attractive,force,1
attractive,framework,1
attractive,approach,1
major,difference,8
major,challenge,6
major,drawback,5
major,differences,4
major,advantage,3
major,goal,3
major,problem,3
major,constraint,2
major,issue,2
major,downsides,2
major,scale,2
major,effort,2
major,goals,2
major,claim,2
major,variations,2
major,obstacles,2
major,modes,2
major,source,2
major,result,2
major,bottleneck,1
major,sources,1
major,classes,1
major,systems,1
major,cornerstones,1
major,component,1
major,novelty,1
major,consumer,1
major,success,1
major,hubs,1
major,reason,1
major,type,1
major,class,1
major,labels,1
major,disadvantage,1
major,issues,1
major,role,1
major,impact,1
major,frameworks,1
major,tools,1
major,alleles,1
major,phrases,1
major,weaknesses,1
major,agreement,1
major,agreements,1
major,contributions,1
major,intuition,1
major,portion,1
major,expense,1
major,drawbacks,1
major,failure,1
major,factors,1
major,components,1
major,contribution,1
major,powers,1
major,attributes,1
major,senses,1
latest,version,3
latest,model,3
latest,utterance,2
latest,advances,2
latest,instruction,2
latest,methods,2
latest,parameters,1
latest,weight,1
latest,forward,1
latest,results,1
latest,machine,1
latest,ratings,1
latest,pattern,1
latest,reader,1
latest,album,1
latest,frame,1
tremendous,number,2
tremendous,progress,1
tremendous,amount,1
tremendous,revolution,1
tremendous,potential,1
tremendous,costs,1
tremendous,successes,1
tremendous,success,1
tremendous,variation,1
tremendous,interest,1
efficient,representations,5
efficient,invariance,1
efficient,nets,1
efficient,embedding,1
efficient,embeddings,1
effective,method,12
effective,servo,12
effective,approaches,9
effective,learning,9
effective,capacity,5
effective,size,5
effective,window,5
effective,technique,4
effective,representation,4
effective,depth,4
effective,means,4
effective,models,4
effective,way,4
effective,tool,3
effective,solution,3
effective,algorithm,3
effective,detection,3
effective,system,2
effective,approach,2
effective,mechanism,2
effective,distribution,2
effective,model,2
effective,regularization,2
effective,batch,2
effective,sizes,2
effective,techniques,2
effective,dimension,2
effective,use,2
effective,propagation,2
effective,schemes,2
effective,state,2
effective,patches,2
effective,architectures,2
effective,behaviors,2
effective,values,2
effective,value,2
effective,rate,2
effective,overhead,2
effective,eve,2
effective,response,2
effective,experiments,2
effective,proposals,2
effective,outputs,2
effective,distributed,1
effective,exploration,1
effective,performance,1
effective,signal,1
effective,horizon,1
effective,ensemble,1
effective,proxy,1
effective,features,1
effective,strategy,1
effective,methods,1
effective,generalization,1
effective,function,1
effective,completion,1
effective,imputation,1
effective,solutions,1
effective,representations,1
effective,samples,1
effective,ensembles,1
effective,implementation,1
effective,loss,1
effective,co,1
effective,number,1
effective,functions,1
effective,region,1
effective,algorithms,1
effective,adaption,1
effective,teacher,1
effective,forgetting,1
effective,ways,1
effective,adversaries,1
effective,attacks,1
effective,attack,1
effective,distance,1
effective,language,1
effective,scheme,1
effective,problem,1
effective,dimensionality,1
international,conference,158
international,workshop,15
international,journal,8
international,law,5
international,series,1
international,policy,1
fundamental,frequency,4
fundamental,properties,4
fundamental,problem,4
fundamental,differences,4
fundamental,invariants,4
fundamental,limits,3
fundamental,rights,3
fundamental,role,2
fundamental,limitation,2
fundamental,aspects,2
fundamental,difference,2
fundamental,property,1
fundamental,approach,1
fundamental,relationships,1
fundamental,modules,1
fundamental,building,1
fundamental,contributions,1
fundamental,characteristics,1
fundamental,knowledge,1
fundamental,structures,1
fundamental,ls,1
fundamental,importance,1
fundamental,assumption,1
fundamental,causes,1
fundamental,limitations,1
fundamental,problems,1
fundamental,issues,1
fundamental,skills,1
fundamental,principle,1
fundamental,ingredient,1
fundamental,offs,1
fundamental,method,1
fundamental,mechanism,1
fundamental,algorithm,1
fundamental,issue,1
fundamental,operator,1
fundamental,challenge,1
fundamental,inability,1
easy,samples,18
easy,way,4
easy,counterexamples,2
easy,baseline,2
easy,mechanics,2
easy,parameters,1
easy,control,1
easy,learning,1
easy,examples,1
easy,scene,1
easy,layout,1
easy,integration,1
easy,condition,1
easy,input,1
easy,analysis,1
easy,this,1
easy,line,1
easy,model,1
easy,cluster,1
easy,clusters,1
easy,ones,1
easy,visualization,1
easy,computation,1
easy,setup,1
easy,scheme,1
easy,task,1
easy,trip,1
easy,class,1
important,problem,19
important,role,14
important,step,13
important,property,10
important,direction,10
important,information,8
important,aspect,8
important,factor,7
important,problems,6
important,question,5
important,questions,5
important,samples,5
important,difference,4
important,source,4
important,aspects,4
important,differences,4
important,work,4
important,advantage,4
important,features,4
important,task,4
important,tasks,4
important,properties,4
important,modes,4
important,theorem,4
important,topics,4
important,concept,4
important,class,3
important,issue,3
important,goal,3
important,parameters,3
important,contribution,3
important,ways,3
important,factors,3
important,roles,3
important,directions,3
important,point,3
important,subspaces,3
important,sure,2
important,events,2
important,words,2
important,implication,2
important,fact,2
important,reasons,2
important,word,2
important,consequences,2
important,layers,2
important,content,2
important,quality,2
important,challenge,2
important,examples,2
important,part,2
important,applications,2
important,avenue,2
important,notations,2
important,assumption,2
important,category,2
important,capacity,2
important,limitations,2
important,variations,2
important,facts,2
important,results,2
important,piece,2
important,components,2
important,detection,2
important,insight,2
important,process,2
important,ideas,2
important,parameter,1
important,knowledge,1
important,decisions,1
important,verb,1
important,considered,1
important,component,1
important,relationship,1
important,one,1
important,gain,1
important,quantities,1
important,progress,1
important,importance,1
important,map,1
important,connections,1
important,traits,1
important,pieces,1
important,ingredient,1
important,solution,1
important,type,1
important,stone,1
important,way,1
important,affection,1
important,milestone,1
important,view,1
important,variables,1
important,order,1
important,technique,1
important,feature,1
important,measures,1
important,phenomena,1
important,parts,1
important,units,1
important,characteristics,1
important,theorems,1
important,abilities,1
important,pact,1
important,signal,1
important,driver,1
important,restriction,1
important,effect,1
important,reason,1
important,scheme,1
important,data,1
important,challenges,1
important,criteria,1
important,as,1
important,balance,1
important,papers,1
important,cases,1
important,points,1
important,input,1
important,contributions,1
important,note,1
important,pillars,1
important,number,1
important,constraint,1
important,choices,1
important,issues,1
important,propositions,1
important,motivation,1
important,tool,1
important,case,1
important,focus,1
important,set,1
important,branch,1
important,stage,1
important,stages,1
important,topic,1
important,successes,1
important,advantages,1
important,result,1
important,distinction,1
important,dates,1
important,objects,1
important,relations,1
important,characteristic,1
important,innovation,1
important,statistics,1
important,clues,1
rich,representations,8
rich,models,7
rich,model,5
rich,programs,4
rich,class,4
rich,hierarchies,3
rich,space,3
rich,representation,3
rich,families,2
rich,els,2
rich,transformations,2
rich,environments,2
rich,structure,2
rich,insight,2
rich,information,2
rich,tagging,2
rich,regression,2
rich,domain,2
rich,dynamics,2
rich,power,2
rich,vocabulary,2
rich,structures,2
rich,data,1
rich,enough,1
rich,answers,1
rich,reviews,1
rich,variations,1
rich,morphologies,1
rich,regime,1
rich,area,1
rich,manipulation,1
rich,mixture,1
rich,description,1
rich,languages,1
rich,repository,1
rich,details,1
rich,prior,1
substantial,improvement,11
substantial,complexity,3
substantial,insights,2
substantial,correlation,2
substantial,fraction,2
substantial,effect,2
substantial,improvements,2
substantial,differences,2
substantial,amount,2
substantial,constraints,1
substantial,difference,1
substantial,progress,1
substantial,speedups,1
substantial,probability,1
substantial,evidence,1
substantial,degradation,1
substantial,variation,1
substantial,proportion,1
substantial,degrees,1
substantial,increase,1
substantial,armies,1
substantial,inroads,1
substantial,investments,1
substantial,gain,1
substantial,advantage,1
substantial,amounts,1
substantial,impact,1
substantial,movements,1
substantial,reductions,1
substantial,factor,1
substantial,number,1
substantial,review,1
critical,points,38
critical,point,21
critical,role,7
critical,database,6
critical,descent,3
critical,systems,2
critical,difference,2
critical,decisions,2
critical,importance,2
critical,problem,1
critical,values,1
critical,dynamics,1
critical,detail,1
critical,weaknesses,1
critical,aspect,1
critical,venue,1
critical,property,1
critical,clue,1
critical,information,1
critical,analysis,1
critical,component,1
critical,upper,1
critical,challenge,1
critical,formula,1
critical,step,1
critical,tool,1
critical,important,1
critical,factor,1
critical,result,1
critical,review,1
critical,detection,1
critical,state,1
broad,range,6
broad,categories,5
broad,context,5
broad,class,3
broad,conditions,3
broad,phase,2
broad,attention,1
broad,success,1
broad,applicability,1
broad,domain,1
broad,literature,1
broad,sense,1
broad,coverage,1
broad,window,1
broad,introduction,1
broad,categorization,1
extensive,experiments,12
extensive,knowledge,6
extensive,literature,2
extensive,results,2
extensive,study,2
extensive,measures,2
extensive,engineering,2
extensive,search,2
extensive,comparison,2
extensive,augmentation,2
extensive,variation,2
extensive,feedback,1
extensive,amount,1
extensive,studies,1
extensive,research,1
extensive,retraining,1
extensive,use,1
extensive,searches,1
extensive,data,1
extensive,time,1
extensive,tuning,1
extensive,body,1
extensive,help,1
extensive,testing,1
extensive,survey,1
extensive,collection,1
extensive,review,1
extensive,effort,1
extensive,feature,1
extensive,hyper,1
extensive,analysis,1
extensive,support,1
extensive,sharing,1
extensive,experience,1
systematic,way,5
systematic,comparison,3
systematic,approach,2
systematic,set,1
systematic,inconsistency,1
systematic,removal,1
systematic,evaluation,1
systematic,domain,1
systematic,underestimation,1
systematic,sweep,1
systematic,differences,1
systematic,decoupling,1
systematic,tests,1
systematic,answers,1
systematic,methods,1
systematic,ways,1
systematic,random,1
exciting,area,2
exciting,direction,2
exciting,methods,2
exciting,avenues,1
exciting,road,1
exciting,processes,1
exciting,techniques,1
exciting,images,1
exciting,applications,1
exciting,result,1
relevant,memories,19
relevant,information,17
relevant,variables,17
relevant,features,9
relevant,words,8
relevant,work,6
relevant,task,6
relevant,states,6
relevant,parts,5
relevant,sentences,5
relevant,objects,5
relevant,aspects,4
relevant,edges,4
relevant,metrics,4
relevant,memory,4
relevant,word,4
relevant,questions,4
relevant,variable,4
relevant,values,4
relevant,parameters,3
relevant,works,3
relevant,studies,3
relevant,concepts,3
relevant,support,3
relevant,papers,3
relevant,transformations,2
relevant,events,2
relevant,retrieval,2
relevant,laws,2
relevant,increases,2
relevant,category,2
relevant,difference,2
relevant,semantics,2
relevant,fact,2
relevant,queries,2
relevant,models,2
relevant,modules,2
relevant,data,2
relevant,literature,2
relevant,call,2
relevant,error,2
relevant,class,2
relevant,teacher,2
relevant,details,2
relevant,art,2
relevant,content,2
relevant,applications,2
relevant,manner,1
relevant,ways,1
relevant,foregrounds,1
relevant,rules,1
relevant,expert,1
relevant,shape,1
relevant,structure,1
relevant,slots,1
relevant,repositories,1
relevant,engine,1
relevant,examples,1
relevant,shadings,1
relevant,expectations,1
relevant,matrices,1
relevant,instance,1
relevant,function,1
relevant,nodes,1
relevant,relationships,1
relevant,query,1
relevant,vectors,1
relevant,movies,1
relevant,attributes,1
relevant,ones,1
relevant,factors,1
relevant,list,1
relevant,part,1
relevant,exploration,1
relevant,due,1
relevant,feature,1
relevant,axis,1
relevant,knowledge,1
relevant,model,1
relevant,length,1
relevant,responses,1
relevant,discovery,1
relevant,subset,1
relevant,stage,1
relevant,classes,1
relevant,predictions,1
relevant,salient,1
relevant,as,1
relevant,context,1
relevant,one,1
compelling,results,4
compelling,images,2
compelling,samples,2
compelling,direction,2
compelling,art,1
compelling,generators,1
compelling,technique,1
compelling,evidence,1
compelling,case,1
compelling,alternative,1
compelling,example,1
diverse,set,10
diverse,examples,9
diverse,responses,5
diverse,features,4
diverse,rules,3
diverse,attacks,3
diverse,collections,3
diverse,sets,2
diverse,bodies,2
diverse,textures,2
diverse,domains,2
diverse,strategies,2
diverse,algorithms,2
diverse,tasks,2
diverse,network,2
diverse,characters,2
diverse,models,2
diverse,representations,2
diverse,foregrounds,1
diverse,points,1
diverse,perturbations,1
diverse,requirements,1
diverse,phyla,1
diverse,proof,1
diverse,tastes,1
diverse,architectures,1
diverse,methods,1
diverse,areas,1
diverse,scene,1
diverse,weights,1
diverse,histories,1
diverse,collection,1
diverse,types,1
diverse,geometry,1
diverse,levels,1
diverse,batches,1
diverse,range,1
diverse,tissues,1
diverse,modes,1
diverse,questions,1
diverse,array,1
diverse,neurons,1
diverse,environments,1
diverse,topologies,1
diverse,search,1
diverse,targets,1
diverse,sizes,1
diverse,conditions,1
huge,number,5
huge,amount,3
huge,amounts,3
huge,variability,1
huge,body,1
huge,margin,1
huge,attention,1
huge,phrase,1
huge,gap,1
huge,components,1
huge,improvement,1
huge,up,1
huge,databases,1
huge,drop,1
huge,impact,1
huge,unacceptable,1
huge,instability,1
huge,burden,1
huge,dimensions,1
huge,requirements,1
huge,change,1
huge,effort,1
huge,vocabulary,1
robust,features,27
robust,learners,10
robust,networks,10
robust,framework,7
robust,robust,7
robust,training,6
robust,loss,6
robust,optimization,6
robust,estimation,4
robust,learner,4
robust,when,4
robust,registration,3
robust,learning,3
robust,models,3
robust,regression,3
robust,techniques,3
robust,process,2
robust,behaves,2
robust,solution,2
robust,neural,2
robust,concept,2
robust,assumption,2
robust,prediction,2
robust,recognition,2
robust,representation,2
robust,representations,2
robust,statistics,2
robust,uncertainty,1
robust,considering,1
robust,technique,1
robust,default,1
robust,projection,1
robust,rad,1
robust,distillation,1
robust,re,1
robust,function,1
robust,tough,1
robust,likelihoods,1
robust,model,1
robust,system,1
robust,measures,1
robust,ratio,1
robust,comparison,1
robust,divergence,1
robust,equation,1
robust,density,1
robust,result,1
robust,way,1
robust,programs,1
robust,outcome,1
robust,face,1
robust,detection,1
robust,time,1
robust,tools,1
robust,processing,1
robust,clusters,1
unique,set,5
unique,patterns,4
unique,feature,4
unique,vector,4
unique,sample,3
unique,weights,3
unique,vectors,3
unique,ties,3
unique,models,2
unique,characters,2
unique,codes,2
unique,token,2
unique,solution,2
unique,answer,2
unique,choice,2
unique,population,2
unique,styles,2
unique,identity,2
unique,words,2
unique,symbols,2
unique,representation,2
unique,prediction,2
unique,workers,1
unique,people,1
unique,tree,1
unique,scales,1
unique,notes,1
unique,measure,1
unique,objects,1
unique,hypercubes,1
unique,number,1
unique,advantage,1
unique,minimum,1
unique,tokens,1
unique,pairs,1
unique,structure,1
unique,answers,1
unique,characteristic,1
unique,questions,1
unique,advantages,1
unique,components,1
unique,names,1
unique,states,1
unique,embeddings,1
unique,transform,1
unique,representations,1
unique,information,1
unique,iteration,1
unique,label,1
unique,position,1
unique,aspect,1
unique,distances,1
unique,composition,1
unique,assignment,1
unique,property,1
ideal,procedure,3
ideal,case,3
ideal,function,2
ideal,setting,2
ideal,result,2
ideal,computation,1
ideal,figure,1
ideal,data,1
ideal,attack,1
ideal,environment,1
ideal,reconstruction,1
ideal,input,1
ideal,digits,1
ideal,concept,1
ideal,model,1
ideal,behavior,1
ideal,speed,1
ideal,metric,1
ideal,features,1
ideal,rate,1
ideal,problem,1
immediate,reward,9
immediate,rewards,4
immediate,goal,2
immediate,cost,2
immediate,prediction,1
immediate,states,1
immediate,changes,1
immediate,conclusion,1
immediate,step,1
immediate,regret,1
immediate,context,1
immediate,suitability,1
immediate,consequence,1
immediate,challenge,1
immediate,parent,1
immediate,node,1
immediate,operator,1
immediate,problem,1
advanced,techniques,11
advanced,methods,3
advanced,optimization,3
advanced,explorations,3
advanced,networks,2
advanced,models,2
advanced,technique,2
advanced,machinery,2
advanced,connections,2
advanced,search,1
advanced,research,1
advanced,optimizers,1
advanced,smoothing,1
advanced,machine,1
advanced,units,1
advanced,structure,1
advanced,method,1
advanced,formulation,1
advanced,encoding,1
advanced,manipulation,1
advanced,knowledge,1
promising,results,22
promising,direction,17
promising,avenue,4
promising,approach,3
promising,theories,2
promising,venue,2
promising,way,2
promising,result,2
promising,techniques,2
promising,architecture,1
promising,rules,1
promising,performance,1
promising,solutions,1
promising,model,1
promising,neural,1
promising,architectures,1
promising,framework,1
promising,step,1
promising,performances,1
promising,successes,1
promising,alternative,1
promising,aspect,1
promising,accuracy,1
promising,technique,1
promising,ones,1
successful,attacks,12
successful,attempts,10
successful,applications,6
successful,learning,6
successful,algorithms,5
successful,models,5
successful,training,5
successful,runs,5
successful,application,4
successful,methods,4
successful,prediction,3
successful,approaches,3
successful,examples,3
successful,attack,3
successful,run,3
successful,systems,2
successful,ones,2
successful,transfer,2
successful,model,2
successful,cations,2
successful,trajectories,2
successful,transition,2
successful,technique,2
successful,representation,2
successful,tricks,1
successful,escapes,1
successful,proof,1
successful,conversation,1
successful,classes,1
successful,stories,1
successful,one,1
successful,factorization,1
successful,mechanism,1
successful,strategy,1
successful,trials,1
successful,solution,1
successful,attempt,1
successful,techniques,1
successful,kinds,1
successful,executions,1
successful,generalization,1
successful,work,1
successful,experiments,1
successful,architecture,1
successful,approach,1
successful,outcome,1
successful,grasping,1
successful,implementation,1
successful,target,1
successful,method,1
successful,reconstruction,1
successful,example,1
successful,exemplar,1
successful,contributions,1
successful,on,1
successful,singles,1
remarkable,progress,5
remarkable,success,4
remarkable,successes,2
remarkable,improvement,2
remarkable,advances,2
remarkable,power,1
remarkable,generalization,1
remarkable,capabilities,1
remarkable,transfer,1
remarkable,versatility,1
remarkable,gains,1
remarkable,results,1
remarkable,similarity,1
remarkable,performance,1
creative,applications,2
creative,communities,2
creative,ways,1
creative,way,1
creative,commons,1
creative,uses,1
creative,context,1
creative,cess,1
creative,capacity,1
creative,solutions,1
creative,process,1
massive,data,3
massive,amounts,2
massive,space,1
massive,requirement,1
massive,computation,1
massive,scale,1
massive,amount,1
comprehensive,survey,4
comprehensive,review,2
comprehensive,analysis,2
comprehensive,evaluation,2
comprehensive,setup,2
comprehensive,introduction,2
comprehensive,study,1
comprehensive,phylogenetic,1
comprehensive,framework,1
comprehensive,list,1
comprehensive,coverage,1
comprehensive,examples,1
sophisticated,models,12
sophisticated,methods,8
sophisticated,generators,4
sophisticated,algorithms,3
sophisticated,goals,3
sophisticated,walk,3
sophisticated,techniques,2
sophisticated,ones,2
sophisticated,architectures,2
sophisticated,approach,2
sophisticated,strategies,2
sophisticated,network,2
sophisticated,analysis,2
sophisticated,task,2
sophisticated,learning,2
sophisticated,function,2
sophisticated,procedures,1
sophisticated,adaptation,1
sophisticated,choices,1
sophisticated,posterior,1
sophisticated,reasoning,1
sophisticated,schemes,1
sophisticated,architecture,1
sophisticated,functions,1
sophisticated,recurrent,1
sophisticated,structure,1
sophisticated,connections,1
sophisticated,approaches,1
sophisticated,graphs,1
sophisticated,decoder,1
sophisticated,algorithm,1
rigorous,standard,3
rigorous,setting,2
rigorous,derivations,2
rigorous,research,2
rigorous,description,2
rigorous,method,1
rigorous,characterization,1
rigorous,guarantee,1
rigorous,evaluation,1
rigorous,grammar,1
rigorous,analysis,1
rigorous,versions,1
rigorous,sense,1
considerable,attention,3
considerable,amount,3
considerable,engineering,3
considerable,research,3
considerable,merit,2
considerable,gap,1
considerable,improvements,1
considerable,difference,1
considerable,gain,1
considerable,gains,1
considerable,success,1
considerable,margins,1
considerable,sparsity,1
considerable,literature,1
considerable,motion,1
considerable,boost,1
considerable,room,1
considerable,promise,1
considerable,value,1
considerable,degree,1
considerable,exploration,1
considerable,time,1
considerable,increase,1
notable,differences,4
notable,case,3
notable,exceptions,3
notable,successes,2
notable,results,2
notable,performance,1
notable,examples,1
notable,effect,1
notable,margin,1
notable,advantage,1
notable,difference,1
notable,improvements,1
notable,success,1
vast,majority,7
vast,amount,3
vast,resources,3
vast,amounts,2
vast,groups,2
vast,literature,2
vast,variability,1
vast,efforts,1
intriguing,properties,13
intriguing,opportunities,3
intriguing,feature,2
intriguing,work,2
intriguing,results,1
intriguing,observation,1
intriguing,directions,1
intriguing,approach,1
renowned,scientists,4
biggest,impact,9
biggest,collection,6
biggest,data,4
biggest,difference,4
biggest,variation,2
biggest,improvement,1
biggest,challenges,1
biggest,challenge,1
biggest,number,1
biggest,obstacles,1
biggest,barriers,1
biggest,issues,1
largest,value,14
largest,eigenvalue,6
largest,probability,3
largest,improvement,3
largest,values,3
largest,prototype,2
largest,feedback,2
largest,count,2
largest,one,2
largest,category,2
largest,catalog,2
largest,importance,2
largest,contribution,2
largest,benchmarks,2
largest,message,2
largest,drop,1
largest,difference,1
largest,vales,1
largest,number,1
largest,jump,1
largest,increase,1
largest,repositories,1
largest,subset,1
largest,product,1
largest,change,1
largest,impact,1
largest,letters,1
largest,norms,1
largest,representative,1
largest,co,1
urgent,air,1
unparalleled,degrees,1
unparalleled,accuracy,1
accessible,database,6
accessible,increases,1
accessible,training,1
accessible,genome,1
ultimate,goal,3
ultimate,goals,1
ultimate,output,1
ultimate,test,1
ultimate,task,1
unprecedented,growth,1
unprecedented,results,1
ready,expressions,1
ready,data,1
strategic,writer,4
strategic,learners,4
strategic,layers,2
strategic,planning,1
overwhelming,amount,3
overwhelming,likelihood,1
overwhelming,success,1
overwhelming,trend,1
foundational,logic,2
foundational,result,1
foundational,sense,1
foundational,architectures,1
foundational,element,1
ample,quality,2
ample,generation,2
ample,complexity,1
ample,weight,1
ample,models,1
dedicated,worker,10
dedicated,baseline,3
dedicated,set,2
dedicated,groups,1
dedicated,system,1
enormous,number,2
enormous,impact,2
enormous,amount,1
enormous,study,1
enormous,vocabularies,1
enormous,corpus,1
fastest,order,4
fastest,learning,1
fastest,architectures,1
fastest,one,1
fastest,method,1
motivated,learning,7
motivated,methods,2
motivated,off,1
motivated,exploration,1
motivated,learners,1
cohesive,bodies,2
safer,scores,4
safer,responses,2
surprising,as,2
surprising,fact,2
surprising,agreement,1
surprising,observation,1
surprising,transfer,1
surprising,experiment,1
seamless,introduction,1
nuanced,correlations,1
nuanced,values,1
vital,importance,3
vital,signs,1
vital,component,1
vital,aspects,1
vital,feature,1
dire,imbalance,1
myriad,applications,1
skilled,stunts,1
daunting,task,1
daunting,challenge,1
vibrant,learning,1
vibrant,research,1
generalizable,functions,2
generalizable,representations,2
generalizable,programs,2
generalizable,policy,1
generalizable,conclusions,1
generalizable,potential,1
indispensable,guidance,1
indispensable,component,1
experienced,training,1
experienced,observation,1
experienced,change,1
actionable,insights,2
senior,fellow,1
exceptional,performance,1
outstanding,difference,1
greatest,components,2
incredible,unreleased,3
